{
    "loss": 1.9152826070785522,
    "accuracy": 0.7333333492279053
}